--
-- PostgreSQL database dump
--

-- Dumped from database version 17rc1
-- Dumped by pg_dump version 17rc1

SET statement_timeout = 0;
SET lock_timeout = 0;
SET idle_in_transaction_session_timeout = 0;
SET transaction_timeout = 0;
SET client_encoding = 'UTF8';
SET standard_conforming_strings = on;
SELECT pg_catalog.set_config('search_path', '', false);
SET check_function_bodies = false;
SET xmloption = content;
SET client_min_messages = warning;
SET row_security = off;

SET default_tablespace = '';

SET default_table_access_method = heap;

--
-- Name: clients; Type: TABLE; Schema: public; Owner: postgres
--

CREATE TABLE public.clients (
    id_client integer NOT NULL,
    name character varying(255) NOT NULL,
    email character varying(255) NOT NULL,
    tel character varying(255),
    id bigint NOT NULL
);


ALTER TABLE public.clients OWNER TO postgres;

--
-- Name: clients_id_client_seq; Type: SEQUENCE; Schema: public; Owner: postgres
--

CREATE SEQUENCE public.clients_id_client_seq
    AS integer
    START WITH 1
    INCREMENT BY 1
    NO MINVALUE
    NO MAXVALUE
    CACHE 1;


ALTER SEQUENCE public.clients_id_client_seq OWNER TO postgres;

--
-- Name: clients_id_client_seq; Type: SEQUENCE OWNED BY; Schema: public; Owner: postgres
--

ALTER SEQUENCE public.clients_id_client_seq OWNED BY public.clients.id_client;


--
-- Name: clients_id_seq; Type: SEQUENCE; Schema: public; Owner: postgres
--

ALTER TABLE public.clients ALTER COLUMN id ADD GENERATED BY DEFAULT AS IDENTITY (
    SEQUENCE NAME public.clients_id_seq
    START WITH 1
    INCREMENT BY 1
    NO MINVALUE
    NO MAXVALUE
    CACHE 1
);


--
-- Name: professional; Type: TABLE; Schema: public; Owner: postgres
--

CREATE TABLE public.professional (
    id_professional integer NOT NULL,
    name character varying(255) NOT NULL,
    email character varying(255) NOT NULL,
    tel character varying(255),
    rating integer,
    horarios_disponiveis character varying(255),
    id bigint NOT NULL
);


ALTER TABLE public.professional OWNER TO postgres;

--
-- Name: professional_id_professional_seq; Type: SEQUENCE; Schema: public; Owner: postgres
--

CREATE SEQUENCE public.professional_id_professional_seq
    AS integer
    START WITH 1
    INCREMENT BY 1
    NO MINVALUE
    NO MAXVALUE
    CACHE 1;


ALTER SEQUENCE public.professional_id_professional_seq OWNER TO postgres;

--
-- Name: professional_id_professional_seq; Type: SEQUENCE OWNED BY; Schema: public; Owner: postgres
--

ALTER SEQUENCE public.professional_id_professional_seq OWNED BY public.professional.id_professional;


--
-- Name: professional_id_seq; Type: SEQUENCE; Schema: public; Owner: postgres
--

ALTER TABLE public.professional ALTER COLUMN id ADD GENERATED BY DEFAULT AS IDENTITY (
    SEQUENCE NAME public.professional_id_seq
    START WITH 1
    INCREMENT BY 1
    NO MINVALUE
    NO MAXVALUE
    CACHE 1
);


--
-- Name: rating; Type: TABLE; Schema: public; Owner: postgres
--

CREATE TABLE public.rating (
    id_rating bigint NOT NULL,
    id_professional bigint NOT NULL,
    id_client bigint NOT NULL,
    score numeric(38,2),
    feedback character varying(255),
    CONSTRAINT rating_score_check CHECK (((score >= (0)::numeric) AND (score <= (10)::numeric)))
);


ALTER TABLE public.rating OWNER TO postgres;

--
-- Name: rating_id_rating_seq; Type: SEQUENCE; Schema: public; Owner: postgres
--

CREATE SEQUENCE public.rating_id_rating_seq
    AS integer
    START WITH 1
    INCREMENT BY 1
    NO MINVALUE
    NO MAXVALUE
    CACHE 1;


ALTER SEQUENCE public.rating_id_rating_seq OWNER TO postgres;

--
-- Name: rating_id_rating_seq; Type: SEQUENCE OWNED BY; Schema: public; Owner: postgres
--

ALTER SEQUENCE public.rating_id_rating_seq OWNED BY public.rating.id_rating;


--
-- Name: scheduling; Type: TABLE; Schema: public; Owner: postgres
--

CREATE TABLE public.scheduling (
    id_scheduling bigint NOT NULL,
    id_client bigint,
    id_professional bigint,
    date_scheduling date NOT NULL,
    time_scheduling time without time zone NOT NULL,
    status character varying(255) NOT NULL,
    CONSTRAINT scheduling_status_check CHECK (((status)::text = ANY (ARRAY[('AGENDADO'::character varying)::text, ('CONCLUIDO'::character varying)::text, ('CANCELADO'::character varying)::text])))
);


ALTER TABLE public.scheduling OWNER TO postgres;

--
-- Name: scheduling_id_scheduling_seq; Type: SEQUENCE; Schema: public; Owner: postgres
--

CREATE SEQUENCE public.scheduling_id_scheduling_seq
    AS integer
    START WITH 1
    INCREMENT BY 1
    NO MINVALUE
    NO MAXVALUE
    CACHE 1;


ALTER SEQUENCE public.scheduling_id_scheduling_seq OWNER TO postgres;

--
-- Name: scheduling_id_scheduling_seq; Type: SEQUENCE OWNED BY; Schema: public; Owner: postgres
--

ALTER SEQUENCE public.scheduling_id_scheduling_seq OWNED BY public.scheduling.id_scheduling;


--
-- Name: services; Type: TABLE; Schema: public; Owner: postgres
--

CREATE TABLE public.services (
    id_service integer NOT NULL,
    id_professional bigint NOT NULL,
    name character varying(255) NOT NULL,
    specialization character varying(255),
    price numeric(38,2) NOT NULL,
    id bigint NOT NULL
);


ALTER TABLE public.services OWNER TO postgres;

--
-- Name: services_id_seq; Type: SEQUENCE; Schema: public; Owner: postgres
--

ALTER TABLE public.services ALTER COLUMN id ADD GENERATED BY DEFAULT AS IDENTITY (
    SEQUENCE NAME public.services_id_seq
    START WITH 1
    INCREMENT BY 1
    NO MINVALUE
    NO MAXVALUE
    CACHE 1
);


--
-- Name: services_id_service_seq; Type: SEQUENCE; Schema: public; Owner: postgres
--

CREATE SEQUENCE public.services_id_service_seq
    AS integer
    START WITH 1
    INCREMENT BY 1
    NO MINVALUE
    NO MAXVALUE
    CACHE 1;


ALTER SEQUENCE public.services_id_service_seq OWNER TO postgres;

--
-- Name: services_id_service_seq; Type: SEQUENCE OWNED BY; Schema: public; Owner: postgres
--

ALTER SEQUENCE public.services_id_service_seq OWNED BY public.services.id_service;


--
-- Name: clients id_client; Type: DEFAULT; Schema: public; Owner: postgres
--

ALTER TABLE ONLY public.clients ALTER COLUMN id_client SET DEFAULT nextval('public.clients_id_client_seq'::regclass);


--
-- Name: professional id_professional; Type: DEFAULT; Schema: public; Owner: postgres
--

ALTER TABLE ONLY public.professional ALTER COLUMN id_professional SET DEFAULT nextval('public.professional_id_professional_seq'::regclass);


--
-- Name: rating id_rating; Type: DEFAULT; Schema: public; Owner: postgres
--

ALTER TABLE ONLY public.rating ALTER COLUMN id_rating SET DEFAULT nextval('public.rating_id_rating_seq'::regclass);


--
-- Name: scheduling id_scheduling; Type: DEFAULT; Schema: public; Owner: postgres
--

ALTER TABLE ONLY public.scheduling ALTER COLUMN id_scheduling SET DEFAULT nextval('public.scheduling_id_scheduling_seq'::regclass);


--
-- Name: services id_service; Type: DEFAULT; Schema: public; Owner: postgres
--

ALTER TABLE ONLY public.services ALTER COLUMN id_service SET DEFAULT nextval('public.services_id_service_seq'::regclass);


--
-- Data for Name: clients; Type: TABLE DATA; Schema: public; Owner: postgres
--

COPY public.clients (id_client, name, email, tel, id) FROM stdin;
1	João Silva	joao.silva@email.com	123456789	1
2	Maria Oliveira	maria.oliveira@email.com	987654321	2
3	Carlos Andrade	carlos.andrade@email.com	321654987	3
4	Ana Paula	ana.paula@email.com	654987321	4
5	Lucas Martins	lucas.martins@email.com	789456123	5
6	Fernanda Costa	fernanda.costa@email.com	456123789	6
7	Roberto Lima	roberto.lima@email.com	123789456	7
8	Juliana Souza	juliana.souza@email.com	987123654	8
9	Mariana Rocha	mariana.rocha@email.com	321987654	9
10	Pedro Santos	pedro.santos@email.com	654321987	10
\.


--
-- Data for Name: professional; Type: TABLE DATA; Schema: public; Owner: postgres
--

COPY public.professional (id_professional, name, email, tel, rating, horarios_disponiveis, id) FROM stdin;
1	Profissional A	profissionalA@example.com	123456789	10	Seg - Sex: 09:00 - 17:00	1
2	Profissional B	profissionalB@example.com	987654321	8	Seg - Sex: 10:00 - 18:00	2
3	Profissional C	profissionalC@example.com	555123456	9	Seg - Sáb: 08:00 - 16:00	3
4	Taylor Swift da Silva	taylorswift@gmail.com	198919899	10	Seg - Sex: 09:00 - 17:00	4
5	Isabele belinha	belinha@gmail.com	179912399	10	Seg - Sex: 09:00 - 18:00	5
6	Mariana	mariana@gmail.com	179919899	7	Seg - Sex: 09:00 - 18:00	6
7	Lucas	lucasswift@gmail.com	198218799	8	Seg - Sex: 09:00 - 18:00	7
8	Sofia Santino	sofiasantino@gmail.com	195678904	10	Seg - Sex: 09:00 - 18:00	8
9	Linkin Park da Silva	linkinpark@gmail.com	190000000	10	Seg - Sex: 09:00 - 18:00	9
10	Sabrina Carpenter	sabrinacarpenter@gmail.com	119876543	10	Seg - Sex: 09:00 - 18:00	10
\.


--
-- Data for Name: rating; Type: TABLE DATA; Schema: public; Owner: postgres
--

COPY public.rating (id_rating, id_professional, id_client, score, feedback) FROM stdin;
2	1	1	9.50	Ótimo trabalho!
3	1	2	8.00	Bom atendimento, mas pode melhorar.
4	2	3	9.00	Muito atencioso, recomendo!
5	3	4	7.50	Atendeu bem, mas o serviço atrasou.
6	1	5	10.00	Excelente, superou minhas expectativas!
7	2	6	8.50	Gostei do serviço, mas o preço foi alto.
8	3	7	6.50	Regular, pode melhorar em alguns aspectos.
9	1	8	9.75	Atendimento excelente, muito profissional!
10	2	1	7.00	Foi bom, mas o ambiente estava lotado.
\.


--
-- Data for Name: scheduling; Type: TABLE DATA; Schema: public; Owner: postgres
--

COPY public.scheduling (id_scheduling, id_client, id_professional, date_scheduling, time_scheduling, status) FROM stdin;
1	1	1	2024-10-30	14:00:00	AGENDADO
2	2	2	2024-09-03	13:00:00	CONCLUIDO
3	1	2	2024-12-10	10:00:00	AGENDADO
4	2	1	2024-12-11	11:30:00	AGENDADO
5	3	2	2024-12-08	15:00:00	CONCLUIDO
6	4	3	2024-12-13	16:45:00	AGENDADO
7	5	1	2024-12-14	09:00:00	CANCELADO
8	6	2	2024-12-15	13:15:00	AGENDADO
9	7	3	2024-12-02	14:30:00	CONCLUIDO
10	8	1	2024-12-17	17:00:00	AGENDADO
\.


--
-- Data for Name: services; Type: TABLE DATA; Schema: public; Owner: postgres
--

COPY public.services (id_service, id_professional, name, specialization, price, id) FROM stdin;
2	1	Hidratação	Cabelos cacheados	150.75	1
3	1	Unha	Fibra	90.00	2
9	4	Corte	Cortar	50.00	4
11	6	Spa	Massagem	70.00	6
12	7	Cílios	Lash lifting	120.00	7
13	8	Maquiagem	Noivas	500.00	8
14	9	Limpeza de pele	Acne	150.00	9
15	10	Depilação	Cera	50.00	10
16	1	Sobrancelha	Henna	40.00	5
17	5	Tranças	Box Braids	100.00	5
\.


--
-- Name: clients_id_client_seq; Type: SEQUENCE SET; Schema: public; Owner: postgres
--

SELECT pg_catalog.setval('public.clients_id_client_seq', 2, true);


--
-- Name: clients_id_seq; Type: SEQUENCE SET; Schema: public; Owner: postgres
--

SELECT pg_catalog.setval('public.clients_id_seq', 2, true);


--
-- Name: professional_id_professional_seq; Type: SEQUENCE SET; Schema: public; Owner: postgres
--

SELECT pg_catalog.setval('public.professional_id_professional_seq', 3, true);


--
-- Name: professional_id_seq; Type: SEQUENCE SET; Schema: public; Owner: postgres
--

SELECT pg_catalog.setval('public.professional_id_seq', 3, true);


--
-- Name: rating_id_rating_seq; Type: SEQUENCE SET; Schema: public; Owner: postgres
--

SELECT pg_catalog.setval('public.rating_id_rating_seq', 2, true);


--
-- Name: scheduling_id_scheduling_seq; Type: SEQUENCE SET; Schema: public; Owner: postgres
--

SELECT pg_catalog.setval('public.scheduling_id_scheduling_seq', 1, true);


--
-- Name: services_id_seq; Type: SEQUENCE SET; Schema: public; Owner: postgres
--

SELECT pg_catalog.setval('public.services_id_seq', 2, true);


--
-- Name: services_id_service_seq; Type: SEQUENCE SET; Schema: public; Owner: postgres
--

SELECT pg_catalog.setval('public.services_id_service_seq', 17, true);


--
-- Name: clients clients_email_key; Type: CONSTRAINT; Schema: public; Owner: postgres
--

ALTER TABLE ONLY public.clients
    ADD CONSTRAINT clients_email_key UNIQUE (email);


--
-- Name: clients clients_pkey; Type: CONSTRAINT; Schema: public; Owner: postgres
--

ALTER TABLE ONLY public.clients
    ADD CONSTRAINT clients_pkey PRIMARY KEY (id_client);


--
-- Name: professional professional_email_key; Type: CONSTRAINT; Schema: public; Owner: postgres
--

ALTER TABLE ONLY public.professional
    ADD CONSTRAINT professional_email_key UNIQUE (email);


--
-- Name: professional professional_pkey; Type: CONSTRAINT; Schema: public; Owner: postgres
--

ALTER TABLE ONLY public.professional
    ADD CONSTRAINT professional_pkey PRIMARY KEY (id_professional);


--
-- Name: rating rating_pkey; Type: CONSTRAINT; Schema: public; Owner: postgres
--

ALTER TABLE ONLY public.rating
    ADD CONSTRAINT rating_pkey PRIMARY KEY (id_rating);


--
-- Name: scheduling scheduling_pkey; Type: CONSTRAINT; Schema: public; Owner: postgres
--

ALTER TABLE ONLY public.scheduling
    ADD CONSTRAINT scheduling_pkey PRIMARY KEY (id_scheduling);


--
-- Name: services services_pkey; Type: CONSTRAINT; Schema: public; Owner: postgres
--

ALTER TABLE ONLY public.services
    ADD CONSTRAINT services_pkey PRIMARY KEY (id_service);


--
-- Name: rating rating_id_client_fkey; Type: FK CONSTRAINT; Schema: public; Owner: postgres
--

ALTER TABLE ONLY public.rating
    ADD CONSTRAINT rating_id_client_fkey FOREIGN KEY (id_client) REFERENCES public.clients(id_client) ON DELETE CASCADE;


--
-- Name: rating rating_id_professional_fkey; Type: FK CONSTRAINT; Schema: public; Owner: postgres
--

ALTER TABLE ONLY public.rating
    ADD CONSTRAINT rating_id_professional_fkey FOREIGN KEY (id_professional) REFERENCES public.professional(id_professional) ON DELETE CASCADE;


--
-- Name: scheduling scheduling_id_client_fkey; Type: FK CONSTRAINT; Schema: public; Owner: postgres
--

ALTER TABLE ONLY public.scheduling
    ADD CONSTRAINT scheduling_id_client_fkey FOREIGN KEY (id_client) REFERENCES public.clients(id_client) ON DELETE CASCADE;


--
-- Name: scheduling scheduling_id_professional_fkey; Type: FK CONSTRAINT; Schema: public; Owner: postgres
--

ALTER TABLE ONLY public.scheduling
    ADD CONSTRAINT scheduling_id_professional_fkey FOREIGN KEY (id_professional) REFERENCES public.professional(id_professional) ON DELETE CASCADE;


--
-- Name: services services_id_professional_fkey; Type: FK CONSTRAINT; Schema: public; Owner: postgres
--

ALTER TABLE ONLY public.services
    ADD CONSTRAINT services_id_professional_fkey FOREIGN KEY (id_professional) REFERENCES public.professional(id_professional) ON DELETE CASCADE;


--
-- PostgreSQL database dump complete
--

